<GPMessages xsi:type='typens:GPMessages' xmlns:xsi='http://www.w3.org/2001/XMLSchema-instance' xmlns:xs='http://www.w3.org/2001/XMLSchema' xmlns:typens='http://www.esri.com/schemas/ArcGIS/3.5.0'><GPMessages xsi:type='typens:ArrayOfGPMessage'><GPMessage xsi:type='typens:GPMessage'><MessageType>0</MessageType><MessageCode>0</MessageCode></GPMessage><GPMessage xsi:type='typens:GPMessage'><MessageType>0</MessageType><MessageCode>0</MessageCode></GPMessage><GPMessage xsi:type='typens:GPMessage'><MessageType>0</MessageType><MessageCode>0</MessageCode></GPMessage><GPMessage xsi:type='typens:GPMessages'><GPMessages xsi:type='typens:ArrayOfGPMessage'><GPMessage xsi:type='typens:GPMessage'><MessageType>0</MessageType><MessageCode>0</MessageCode></GPMessage><GPMessage xsi:type='typens:GPMessage'><MessageType>0</MessageType><MessageCode>0</MessageCode></GPMessage><GPMessage xsi:type='typens:GPMessage'><MessageType>0</MessageType><MessageCode>0</MessageCode></GPMessage></GPMessages></GPMessage></GPMessages></GPMessages>